year,territory_raw,territory_level,metric,value
2010,България,country,total,40850.0
2010,България,country,urban,28883.0
2010,България,country,rural,11967.0
2010,Благоевград,district,total,1274.0
2010,Благоевград,district,urban,785.0
2010,Благоевград,district,rural,489.0
2010,Бургас,district,total,2117.0
2010,Бургас,district,urban,1523.0
2010,Бургас,district,rural,594.0
2010,Варна,district,total,2726.0
2010,Варна,district,urban,2105.0
2010,Варна,district,rural,621.0
2010,Велико Търново,district,total,1473.0
2010,Велико Търново,district,urban,946.0
2010,Велико Търново,district,rural,527.0
2010,Видин,district,total,556.0
2010,Видин,district,urban,368.0
2010,Видин,district,rural,188.0
2010,Враца,district,total,1075.0
2010,Враца,district,urban,547.0
2010,Враца,district,rural,528.0
2010,Габрово,district,total,635.0
2010,Габрово,district,urban,515.0
2010,Габрово,district,rural,120.0
2010,Добрич,district,total,1135.0
2010,Добрич,district,urban,660.0
2010,Добрич,district,rural,475.0
2010,Кърджали,district,total,641.0
2010,Кърджали,district,urban,304.0
2010,Кърджали,district,rural,337.0
2010,Кюстендил,district,total,552.0
2010,Кюстендил,district,urban,455.0
2010,Кюстендил,district,rural,97.0
2010,Ловеч,district,total,872.0
2010,Ловеч,district,urban,530.0
2010,Ловеч,district,rural,342.0
2010,Монтана,district,total,870.0
2010,Монтана,district,urban,565.0
2010,Монтана,district,rural,305.0
2010,Пазарджик,district,total,1874.0
2010,Пазарджик,district,urban,1191.0
2010,Пазарджик,district,rural,683.0
2010,Перник,district,total,541.0
2010,Перник,district,urban,487.0
2010,Перник,district,rural,54.0
2010,Плевен,district,total,1543.0
2010,Плевен,district,urban,880.0
2010,Плевен,district,rural,663.0
2010,Пловдив,district,total,3620.0
2010,Пловдив,district,urban,2639.0
2010,Пловдив,district,rural,981.0
2010,Разград,district,total,590.0
2010,Разград,district,urban,277.0
2010,Разград,district,rural,313.0
2010,Русе,district,total,1140.0
2010,Русе,district,urban,873.0
2010,Русе,district,rural,267.0
2010,Силистра,district,total,655.0
2010,Силистра,district,urban,254.0
2010,Силистра,district,rural,401.0
2010,Сливен,district,total,1749.0
2010,Сливен,district,urban,963.0
2010,Сливен,district,rural,786.0
2010,Смолян,district,total,599.0
2010,Смолян,district,urban,379.0
2010,Смолян,district,rural,220.0
2010,София (столица),district,total,6868.0
2010,София (столица),district,urban,6648.0
2010,София (столица),district,rural,220.0
2010,София,district,total,1360.0
2010,София,district,urban,910.0
2010,София,district,rural,450.0
2010,Стара Загора,district,total,2123.0
2010,Стара Загора,district,urban,1356.0
2010,Стара Загора,district,rural,767.0
2010,Търговище,district,total,847.0
2010,Търговище,district,urban,362.0
2010,Търговище,district,rural,485.0
2010,Хасково,district,total,1413.0
2010,Хасково,district,urban,1061.0
2010,Хасково,district,rural,352.0
2010,Шумен,district,total,1129.0
2010,Шумен,district,urban,687.0
2010,Шумен,district,rural,442.0
2010,Ямбол,district,total,873.0
2010,Ямбол,district,urban,613.0
2010,Ямбол,district,rural,260.0
2011,България,country,total,39722.0
2011,България,country,urban,28074.0
2011,България,country,rural,11648.0
2011,Благоевград,district,total,1257.0
2011,Благоевград,district,urban,799.0
2011,Благоевград,district,rural,458.0
2011,Бургас,district,total,2240.0
2011,Бургас,district,urban,1612.0
2011,Бургас,district,rural,628.0
2011,Варна,district,total,2664.0
2011,Варна,district,urban,2110.0
2011,Варна,district,rural,554.0
2011,Велико Търново,district,total,1426.0
2011,Велико Търново,district,urban,955.0
2011,Велико Търново,district,rural,471.0
2011,Видин,district,total,534.0
2011,Видин,district,urban,356.0
2011,Видин,district,rural,178.0
2011,Враца,district,total,1102.0
2011,Враца,district,urban,577.0
2011,Враца,district,rural,525.0
2011,Габрово,district,total,629.0
2011,Габрово,district,urban,492.0
2011,Габрово,district,rural,137.0
2011,Добрич,district,total,1191.0
2011,Добрич,district,urban,706.0
2011,Добрич,district,rural,485.0
2011,Кърджали,district,total,597.0
2011,Кърджали,district,urban,308.0
2011,Кърджали,district,rural,289.0
2011,Кюстендил,district,total,586.0
2011,Кюстендил,district,urban,488.0
2011,Кюстендил,district,rural,98.0
2011,Ловеч,district,total,878.0
2011,Ловеч,district,urban,550.0
2011,Ловеч,district,rural,328.0
2011,Монтана,district,total,906.0
2011,Монтана,district,urban,585.0
2011,Монтана,district,rural,321.0
2011,Пазарджик,district,total,1809.0
2011,Пазарджик,district,urban,1141.0
2011,Пазарджик,district,rural,668.0
2011,Перник,district,total,489.0
2011,Перник,district,urban,422.0
2011,Перник,district,rural,67.0
2011,Плевен,district,total,1492.0
2011,Плевен,district,urban,858.0
2011,Плевен,district,rural,634.0
2011,Пловдив,district,total,3568.0
2011,Пловдив,district,urban,2627.0
2011,Пловдив,district,rural,941.0
2011,Разград,district,total,542.0
2011,Разград,district,urban,215.0
2011,Разград,district,rural,327.0
2011,Русе,district,total,992.0
2011,Русе,district,urban,748.0
2011,Русе,district,rural,244.0
2011,Силистра,district,total,646.0
2011,Силистра,district,urban,249.0
2011,Силистра,district,rural,397.0
2011,Сливен,district,total,1779.0
2011,Сливен,district,urban,996.0
2011,Сливен,district,rural,783.0
2011,Смолян,district,total,491.0
2011,Смолян,district,urban,303.0
2011,Смолян,district,rural,188.0
2011,София (столица),district,total,6440.0
2011,София (столица),district,urban,6214.0
2011,София (столица),district,rural,226.0
2011,София,district,total,1358.0
2011,София,district,urban,909.0
2011,София,district,rural,449.0
2011,Стара Загора,district,total,2066.0
2011,Стара Загора,district,urban,1298.0
2011,Стара Загора,district,rural,768.0
2011,Търговище,district,total,746.0
2011,Търговище,district,urban,340.0
2011,Търговище,district,rural,406.0
2011,Хасково,district,total,1335.0
2011,Хасково,district,urban,982.0
2011,Хасково,district,rural,353.0
2011,Шумен,district,total,1094.0
2011,Шумен,district,urban,648.0
2011,Шумен,district,rural,446.0
2011,Ямбол,district,total,865.0
2011,Ямбол,district,urban,586.0
2011,Ямбол,district,rural,279.0
2012,България,country,total,39695.0
2012,България,country,urban,28033.0
2012,България,country,rural,11662.0
2012,Благоевград,district,total,1276.0
2012,Благоевград,district,urban,804.0
2012,Благоевград,district,rural,472.0
2012,Бургас,district,total,2165.0
2012,Бургас,district,urban,1580.0
2012,Бургас,district,rural,585.0
2012,Варна,district,total,2708.0
2012,Варна,district,urban,2113.0
2012,Варна,district,rural,595.0
2012,Велико Търново,district,total,1517.0
2012,Велико Търново,district,urban,1013.0
2012,Велико Търново,district,rural,504.0
2012,Видин,district,total,527.0
2012,Видин,district,urban,360.0
2012,Видин,district,rural,167.0
2012,Враца,district,total,1075.0
2012,Враца,district,urban,544.0
2012,Враца,district,rural,531.0
2012,Габрово,district,total,578.0
2012,Габрово,district,urban,465.0
2012,Габрово,district,rural,113.0
2012,Добрич,district,total,1084.0
2012,Добрич,district,urban,652.0
2012,Добрич,district,rural,432.0
2012,Кърджали,district,total,596.0
2012,Кърджали,district,urban,294.0
2012,Кърджали,district,rural,302.0
2012,Кюстендил,district,total,602.0
2012,Кюстендил,district,urban,489.0
2012,Кюстендил,district,rural,113.0
2012,Ловеч,district,total,910.0
2012,Ловеч,district,urban,544.0
2012,Ловеч,district,rural,366.0
2012,Монтана,district,total,891.0
2012,Монтана,district,urban,531.0
2012,Монтана,district,rural,360.0
2012,Пазарджик,district,total,1744.0
2012,Пазарджик,district,urban,1096.0
2012,Пазарджик,district,rural,648.0
2012,Перник,district,total,516.0
2012,Перник,district,urban,441.0
2012,Перник,district,rural,75.0
2012,Плевен,district,total,1527.0
2012,Плевен,district,urban,911.0
2012,Плевен,district,rural,616.0
2012,Пловдив,district,total,3630.0
2012,Пловдив,district,urban,2647.0
2012,Пловдив,district,rural,983.0
2012,Разград,district,total,598.0
2012,Разград,district,urban,239.0
2012,Разград,district,rural,359.0
2012,Русе,district,total,1070.0
2012,Русе,district,urban,809.0
2012,Русе,district,rural,261.0
2012,Силистра,district,total,593.0
2012,Силистра,district,urban,216.0
2012,Силистра,district,rural,377.0
2012,Сливен,district,total,1715.0
2012,Сливен,district,urban,947.0
2012,Сливен,district,rural,768.0
2012,Смолян,district,total,471.0
2012,Смолян,district,urban,277.0
2012,Смолян,district,rural,194.0
2012,София (столица),district,total,6532.0
2012,София (столица),district,urban,6315.0
2012,София (столица),district,rural,217.0
2012,София,district,total,1350.0
2012,София,district,urban,918.0
2012,София,district,rural,432.0
2012,Стара Загора,district,total,2047.0
2012,Стара Загора,district,urban,1298.0
2012,Стара Загора,district,rural,749.0
2012,Търговище,district,total,758.0
2012,Търговище,district,urban,337.0
2012,Търговище,district,rural,421.0
2012,Хасково,district,total,1307.0
2012,Хасково,district,urban,965.0
2012,Хасково,district,rural,342.0
2012,Шумен,district,total,1031.0
2012,Шумен,district,urban,619.0
2012,Шумен,district,rural,412.0
2012,Ямбол,district,total,877.0
2012,Ямбол,district,urban,609.0
2012,Ямбол,district,rural,268.0
2013,България,country,total,39375.0
2013,България,country,urban,27715.0
2013,България,country,rural,11660.0
2013,Благоевград,district,total,1240.0
2013,Благоевград,district,urban,791.0
2013,Благоевград,district,rural,449.0
2013,Бургас,district,total,2294.0
2013,Бургас,district,urban,1654.0
2013,Бургас,district,rural,640.0
2013,Варна,district,total,2575.0
2013,Варна,district,urban,2012.0
2013,Варна,district,rural,563.0
2013,Велико Търново,district,total,1471.0
2013,Велико Търново,district,urban,956.0
2013,Велико Търново,district,rural,515.0
2013,Видин,district,total,501.0
2013,Видин,district,urban,337.0
2013,Видин,district,rural,164.0
2013,Враца,district,total,973.0
2013,Враца,district,urban,494.0
2013,Враца,district,rural,479.0
2013,Габрово,district,total,566.0
2013,Габрово,district,urban,450.0
2013,Габрово,district,rural,116.0
2013,Добрич,district,total,1065.0
2013,Добрич,district,urban,670.0
2013,Добрич,district,rural,395.0
2013,Кърджали,district,total,624.0
2013,Кърджали,district,urban,284.0
2013,Кърджали,district,rural,340.0
2013,Кюстендил,district,total,545.0
2013,Кюстендил,district,urban,449.0
2013,Кюстендил,district,rural,96.0
2013,Ловеч,district,total,770.0
2013,Ловеч,district,urban,479.0
2013,Ловеч,district,rural,291.0
2013,Монтана,district,total,880.0
2013,Монтана,district,urban,532.0
2013,Монтана,district,rural,348.0
2013,Пазарджик,district,total,1803.0
2013,Пазарджик,district,urban,1099.0
2013,Пазарджик,district,rural,704.0
2013,Перник,district,total,528.0
2013,Перник,district,urban,461.0
2013,Перник,district,rural,67.0
2013,Плевен,district,total,1400.0
2013,Плевен,district,urban,801.0
2013,Плевен,district,rural,599.0
2013,Пловдив,district,total,3751.0
2013,Пловдив,district,urban,2717.0
2013,Пловдив,district,rural,1034.0
2013,Разград,district,total,505.0
2013,Разград,district,urban,214.0
2013,Разград,district,rural,291.0
2013,Русе,district,total,1090.0
2013,Русе,district,urban,801.0
2013,Русе,district,rural,289.0
2013,Силистра,district,total,623.0
2013,Силистра,district,urban,230.0
2013,Силистра,district,rural,393.0
2013,Сливен,district,total,1708.0
2013,Сливен,district,urban,884.0
2013,Сливен,district,rural,824.0
2013,Смолян,district,total,496.0
2013,Смолян,district,urban,316.0
2013,Смолян,district,rural,180.0
2013,София (столица),district,total,6617.0
2013,София (столица),district,urban,6362.0
2013,София (столица),district,rural,255.0
2013,София,district,total,1293.0
2013,София,district,urban,874.0
2013,София,district,rural,419.0
2013,Стара Загора,district,total,2111.0
2013,Стара Загора,district,urban,1350.0
2013,Стара Загора,district,rural,761.0
2013,Търговище,district,total,677.0
2013,Търговище,district,urban,281.0
2013,Търговище,district,rural,396.0
2013,Хасково,district,total,1300.0
2013,Хасково,district,urban,946.0
2013,Хасково,district,rural,354.0
2013,Шумен,district,total,1090.0
2013,Шумен,district,urban,656.0
2013,Шумен,district,rural,434.0
2013,Ямбол,district,total,879.0
2013,Ямбол,district,urban,615.0
2013,Ямбол,district,rural,264.0
2014,България,country,total,39773.0
2014,България,country,urban,28328.0
2014,България,country,rural,11445.0
2014,Благоевград,district,total,1238.0
2014,Благоевград,district,urban,798.0
2014,Благоевград,district,rural,440.0
2014,Бургас,district,total,2284.0
2014,Бургас,district,urban,1675.0
2014,Бургас,district,rural,609.0
2014,Варна,district,total,2743.0
2014,Варна,district,urban,2164.0
2014,Варна,district,rural,579.0
2014,Велико Търново,district,total,1438.0
2014,Велико Търново,district,urban,968.0
2014,Велико Търново,district,rural,470.0
2014,Видин,district,total,496.0
2014,Видин,district,urban,329.0
2014,Видин,district,rural,167.0
2014,Враца,district,total,1096.0
2014,Враца,district,urban,567.0
2014,Враца,district,rural,529.0
2014,Габрово,district,total,546.0
2014,Габрово,district,urban,449.0
2014,Габрово,district,rural,97.0
2014,Добрич,district,total,997.0
2014,Добрич,district,urban,587.0
2014,Добрич,district,rural,410.0
2014,Кърджали,district,total,639.0
2014,Кърджали,district,urban,319.0
2014,Кърджали,district,rural,320.0
2014,Кюстендил,district,total,592.0
2014,Кюстендил,district,urban,468.0
2014,Кюстендил,district,rural,124.0
2014,Ловеч,district,total,815.0
2014,Ловеч,district,urban,526.0
2014,Ловеч,district,rural,289.0
2014,Монтана,district,total,852.0
2014,Монтана,district,urban,519.0
2014,Монтана,district,rural,333.0
2014,Пазарджик,district,total,1758.0
2014,Пазарджик,district,urban,1119.0
2014,Пазарджик,district,rural,639.0
2014,Перник,district,total,540.0
2014,Перник,district,urban,465.0
2014,Перник,district,rural,75.0
2014,Плевен,district,total,1519.0
2014,Плевен,district,urban,855.0
2014,Плевен,district,rural,664.0
2014,Пловдив,district,total,3741.0
2014,Пловдив,district,urban,2720.0
2014,Пловдив,district,rural,1021.0
2014,Разград,district,total,522.0
2014,Разград,district,urban,221.0
2014,Разград,district,rural,301.0
2014,Русе,district,total,1060.0
2014,Русе,district,urban,827.0
2014,Русе,district,rural,233.0
2014,Силистра,district,total,568.0
2014,Силистра,district,urban,204.0
2014,Силистра,district,rural,364.0
2014,Сливен,district,total,1750.0
2014,Сливен,district,urban,909.0
2014,Сливен,district,rural,841.0
2014,Смолян,district,total,488.0
2014,Смолян,district,urban,319.0
2014,Смолян,district,rural,169.0
2014,София (столица),district,total,6923.0
2014,София (столица),district,urban,6688.0
2014,София (столица),district,rural,235.0
2014,София,district,total,1322.0
2014,София,district,urban,901.0
2014,София,district,rural,421.0
2014,Стара Загора,district,total,2105.0
2014,Стара Загора,district,urban,1399.0
2014,Стара Загора,district,rural,706.0
2014,Търговище,district,total,656.0
2014,Търговище,district,urban,294.0
2014,Търговище,district,rural,362.0
2014,Хасково,district,total,1311.0
2014,Хасково,district,urban,961.0
2014,Хасково,district,rural,350.0
2014,Шумен,district,total,935.0
2014,Шумен,district,urban,528.0
2014,Шумен,district,rural,407.0
2014,Ямбол,district,total,839.0
2014,Ямбол,district,urban,549.0
2014,Ямбол,district,rural,290.0
2015,България,country,total,38649.0
2015,България,country,urban,27778.0
2015,България,country,rural,10871.0
2015,Благоевград,district,total,1264.0
2015,Благоевград,district,urban,832.0
2015,Благоевград,district,rural,432.0
2015,Бургас,district,total,2141.0
2015,Бургас,district,urban,1627.0
2015,Бургас,district,rural,514.0
2015,Варна,district,total,2541.0
2015,Варна,district,urban,2018.0
2015,Варна,district,rural,523.0
2015,Велико Търново,district,total,1446.0
2015,Велико Търново,district,urban,970.0
2015,Велико Търново,district,rural,476.0
2015,Видин,district,total,436.0
2015,Видин,district,urban,285.0
2015,Видин,district,rural,151.0
2015,Враца,district,total,1033.0
2015,Враца,district,urban,513.0
2015,Враца,district,rural,520.0
2015,Габрово,district,total,549.0
2015,Габрово,district,urban,455.0
2015,Габрово,district,rural,94.0
2015,Добрич,district,total,930.0
2015,Добрич,district,urban,607.0
2015,Добрич,district,rural,323.0
2015,Кърджали,district,total,562.0
2015,Кърджали,district,urban,265.0
2015,Кърджали,district,rural,297.0
2015,Кюстендил,district,total,596.0
2015,Кюстендил,district,urban,471.0
2015,Кюстендил,district,rural,125.0
2015,Ловеч,district,total,786.0
2015,Ловеч,district,urban,507.0
2015,Ловеч,district,rural,279.0
2015,Монтана,district,total,815.0
2015,Монтана,district,urban,464.0
2015,Монтана,district,rural,351.0
2015,Пазарджик,district,total,1702.0
2015,Пазарджик,district,urban,1100.0
2015,Пазарджик,district,rural,602.0
2015,Перник,district,total,518.0
2015,Перник,district,urban,428.0
2015,Перник,district,rural,90.0
2015,Плевен,district,total,1519.0
2015,Плевен,district,urban,858.0
2015,Плевен,district,rural,661.0
2015,Пловдив,district,total,3722.0
2015,Пловдив,district,urban,2732.0
2015,Пловдив,district,rural,990.0
2015,Разград,district,total,434.0
2015,Разград,district,urban,191.0
2015,Разград,district,rural,243.0
2015,Русе,district,total,1061.0
2015,Русе,district,urban,820.0
2015,Русе,district,rural,241.0
2015,Силистра,district,total,529.0
2015,Силистра,district,urban,197.0
2015,Силистра,district,rural,332.0
2015,Сливен,district,total,1733.0
2015,Сливен,district,urban,952.0
2015,Сливен,district,rural,781.0
2015,Смолян,district,total,443.0
2015,Смолян,district,urban,289.0
2015,Смолян,district,rural,154.0
2015,София (столица),district,total,6831.0
2015,София (столица),district,urban,6598.0
2015,София (столица),district,rural,233.0
2015,София,district,total,1253.0
2015,София,district,urban,834.0
2015,София,district,rural,419.0
2015,Стара Загора,district,total,2062.0
2015,Стара Загора,district,urban,1368.0
2015,Стара Загора,district,rural,694.0
2015,Търговище,district,total,616.0
2015,Търговище,district,urban,285.0
2015,Търговище,district,rural,331.0
2015,Хасково,district,total,1413.0
2015,Хасково,district,urban,1032.0
2015,Хасково,district,rural,381.0
2015,Шумен,district,total,942.0
2015,Шумен,district,urban,585.0
2015,Шумен,district,rural,357.0
2015,Ямбол,district,total,772.0
2015,Ямбол,district,urban,495.0
2015,Ямбол,district,rural,277.0
2016,България,country,total,38091.0
2016,България,country,urban,27379.0
2016,България,country,rural,10712.0
2016,Благоевград,district,total,1244.0
2016,Благоевград,district,urban,790.0
2016,Благоевград,district,rural,454.0
2016,Бургас,district,total,2086.0
2016,Бургас,district,urban,1590.0
2016,Бургас,district,rural,496.0
2016,Варна,district,total,2620.0
2016,Варна,district,urban,2080.0
2016,Варна,district,rural,540.0
2016,Велико Търново,district,total,1391.0
2016,Велико Търново,district,urban,986.0
2016,Велико Търново,district,rural,405.0
2016,Видин,district,total,420.0
2016,Видин,district,urban,258.0
2016,Видин,district,rural,162.0
2016,Враца,district,total,1090.0
2016,Враца,district,urban,579.0
2016,Враца,district,rural,511.0
2016,Габрово,district,total,508.0
2016,Габрово,district,urban,417.0
2016,Габрово,district,rural,91.0
2016,Добрич,district,total,884.0
2016,Добрич,district,urban,541.0
2016,Добрич,district,rural,343.0
2016,Кърджали,district,total,533.0
2016,Кърджали,district,urban,277.0
2016,Кърджали,district,rural,256.0
2016,Кюстендил,district,total,509.0
2016,Кюстендил,district,urban,380.0
2016,Кюстендил,district,rural,129.0
2016,Ловеч,district,total,714.0
2016,Ловеч,district,urban,449.0
2016,Ловеч,district,rural,265.0
2016,Монтана,district,total,769.0
2016,Монтана,district,urban,437.0
2016,Монтана,district,rural,332.0
2016,Пазарджик,district,total,1593.0
2016,Пазарджик,district,urban,996.0
2016,Пазарджик,district,rural,597.0
2016,Перник,district,total,578.0
2016,Перник,district,urban,498.0
2016,Перник,district,rural,80.0
2016,Плевен,district,total,1481.0
2016,Плевен,district,urban,828.0
2016,Плевен,district,rural,653.0
2016,Пловдив,district,total,3469.0
2016,Пловдив,district,urban,2518.0
2016,Пловдив,district,rural,951.0
2016,Разград,district,total,446.0
2016,Разград,district,urban,206.0
2016,Разград,district,rural,240.0
2016,Русе,district,total,1010.0
2016,Русе,district,urban,795.0
2016,Русе,district,rural,215.0
2016,Силистра,district,total,550.0
2016,Силистра,district,urban,223.0
2016,Силистра,district,rural,327.0
2016,Сливен,district,total,1645.0
2016,Сливен,district,urban,918.0
2016,Сливен,district,rural,727.0
2016,Смолян,district,total,522.0
2016,Смолян,district,urban,329.0
2016,Смолян,district,rural,193.0
2016,София (столица),district,total,7031.0
2016,София (столица),district,urban,6769.0
2016,София (столица),district,rural,262.0
2016,София,district,total,1364.0
2016,София,district,urban,885.0
2016,София,district,rural,479.0
2016,Стара Загора,district,total,2051.0
2016,Стара Загора,district,urban,1341.0
2016,Стара Загора,district,rural,710.0
2016,Търговище,district,total,535.0
2016,Търговище,district,urban,234.0
2016,Търговище,district,rural,301.0
2016,Хасково,district,total,1319.0
2016,Хасково,district,urban,924.0
2016,Хасково,district,rural,395.0
2016,Шумен,district,total,910.0
2016,Шумен,district,urban,582.0
2016,Шумен,district,rural,328.0
2016,Ямбол,district,total,819.0
2016,Ямбол,district,urban,549.0
2016,Ямбол,district,rural,270.0
2017,България,country,total,37658.0
2017,България,country,urban,27186.0
2017,България,country,rural,10472.0
2017,Благоевград,district,total,1191.0
2017,Благоевград,district,urban,776.0
2017,Благоевград,district,rural,415.0
2017,Бургас,district,total,2099.0
2017,Бургас,district,urban,1569.0
2017,Бургас,district,rural,530.0
2017,Варна,district,total,2587.0
2017,Варна,district,urban,2101.0
2017,Варна,district,rural,486.0
2017,Велико Търново,district,total,1405.0
2017,Велико Търново,district,urban,977.0
2017,Велико Търново,district,rural,428.0
2017,Видин,district,total,450.0
2017,Видин,district,urban,275.0
2017,Видин,district,rural,175.0
2017,Враца,district,total,967.0
2017,Враца,district,urban,499.0
2017,Враца,district,rural,468.0
2017,Габрово,district,total,496.0
2017,Габрово,district,urban,405.0
2017,Габрово,district,rural,91.0
2017,Добрич,district,total,896.0
2017,Добрич,district,urban,578.0
2017,Добрич,district,rural,318.0
2017,Кърджали,district,total,487.0
2017,Кърджали,district,urban,255.0
2017,Кърджали,district,rural,232.0
2017,Кюстендил,district,total,523.0
2017,Кюстендил,district,urban,397.0
2017,Кюстендил,district,rural,126.0
2017,Ловеч,district,total,725.0
2017,Ловеч,district,urban,463.0
2017,Ловеч,district,rural,262.0
2017,Монтана,district,total,735.0
2017,Монтана,district,urban,412.0
2017,Монтана,district,rural,323.0
2017,Пазарджик,district,total,1558.0
2017,Пазарджик,district,urban,965.0
2017,Пазарджик,district,rural,593.0
2017,Перник,district,total,583.0
2017,Перник,district,urban,507.0
2017,Перник,district,rural,76.0
2017,Плевен,district,total,1465.0
2017,Плевен,district,urban,848.0
2017,Плевен,district,rural,617.0
2017,Пловдив,district,total,3631.0
2017,Пловдив,district,urban,2622.0
2017,Пловдив,district,rural,1009.0
2017,Разград,district,total,428.0
2017,Разград,district,urban,206.0
2017,Разград,district,rural,222.0
2017,Русе,district,total,923.0
2017,Русе,district,urban,711.0
2017,Русе,district,rural,212.0
2017,Силистра,district,total,495.0
2017,Силистра,district,urban,202.0
2017,Силистра,district,rural,293.0
2017,Сливен,district,total,1698.0
2017,Сливен,district,urban,896.0
2017,Сливен,district,rural,802.0
2017,Смолян,district,total,504.0
2017,Смолян,district,urban,302.0
2017,Смолян,district,rural,202.0
2017,София (столица),district,total,7024.0
2017,София (столица),district,urban,6769.0
2017,София (столица),district,rural,255.0
2017,София,district,total,1288.0
2017,София,district,urban,829.0
2017,София,district,rural,459.0
2017,Стара Загора,district,total,2098.0
2017,Стара Загора,district,urban,1385.0
2017,Стара Загора,district,rural,713.0
2017,Търговище,district,total,528.0
2017,Търговище,district,urban,248.0
2017,Търговище,district,rural,280.0
2017,Хасково,district,total,1333.0
2017,Хасково,district,urban,968.0
2017,Хасково,district,rural,365.0
2017,Шумен,district,total,788.0
2017,Шумен,district,urban,492.0
2017,Шумен,district,rural,296.0
2017,Ямбол,district,total,753.0
2017,Ямбол,district,urban,529.0
2017,Ямбол,district,rural,224.0
2018,България,country,total,36367.0
2018,България,country,urban,26423.0
2018,България,country,rural,9944.0
2018,Благоевград,district,total,1205.0
2018,Благоевград,district,urban,777.0
2018,Благоевград,district,rural,428.0
2018,Бургас,district,total,1990.0
2018,Бургас,district,urban,1510.0
2018,Бургас,district,rural,480.0
2018,Варна,district,total,2473.0
2018,Варна,district,urban,1991.0
2018,Варна,district,rural,482.0
2018,Велико Търново,district,total,1268.0
2018,Велико Търново,district,urban,864.0
2018,Велико Търново,district,rural,404.0
2018,Видин,district,total,463.0
2018,Видин,district,urban,309.0
2018,Видин,district,rural,154.0
2018,Враца,district,total,1009.0
2018,Враца,district,urban,546.0
2018,Враца,district,rural,463.0
2018,Габрово,district,total,504.0
2018,Габрово,district,urban,407.0
2018,Габрово,district,rural,97.0
2018,Добрич,district,total,780.0
2018,Добрич,district,urban,518.0
2018,Добрич,district,rural,262.0
2018,Кърджали,district,total,493.0
2018,Кърджали,district,urban,235.0
2018,Кърджали,district,rural,258.0
2018,Кюстендил,district,total,519.0
2018,Кюстендил,district,urban,404.0
2018,Кюстендил,district,rural,115.0
2018,Ловеч,district,total,778.0
2018,Ловеч,district,urban,482.0
2018,Ловеч,district,rural,296.0
2018,Монтана,district,total,685.0
2018,Монтана,district,urban,404.0
2018,Монтана,district,rural,281.0
2018,Пазарджик,district,total,1570.0
2018,Пазарджик,district,urban,960.0
2018,Пазарджик,district,rural,610.0
2018,Перник,district,total,585.0
2018,Перник,district,urban,504.0
2018,Перник,district,rural,81.0
2018,Плевен,district,total,1331.0
2018,Плевен,district,urban,792.0
2018,Плевен,district,rural,539.0
2018,Пловдив,district,total,3483.0
2018,Пловдив,district,urban,2543.0
2018,Пловдив,district,rural,940.0
2018,Разград,district,total,423.0
2018,Разград,district,urban,179.0
2018,Разград,district,rural,244.0
2018,Русе,district,total,948.0
2018,Русе,district,urban,750.0
2018,Русе,district,rural,198.0
2018,Силистра,district,total,408.0
2018,Силистра,district,urban,153.0
2018,Силистра,district,rural,255.0
2018,Сливен,district,total,1629.0
2018,Сливен,district,urban,910.0
2018,Сливен,district,rural,719.0
2018,Смолян,district,total,427.0
2018,Смолян,district,urban,270.0
2018,Смолян,district,rural,157.0
2018,София (столица),district,total,6847.0
2018,София (столица),district,urban,6590.0
2018,София (столица),district,rural,257.0
2018,София,district,total,1326.0
2018,София,district,urban,888.0
2018,София,district,rural,438.0
2018,Стара Загора,district,total,1977.0
2018,Стара Загора,district,urban,1321.0
2018,Стара Загора,district,rural,656.0
2018,Търговище,district,total,483.0
2018,Търговище,district,urban,233.0
2018,Търговище,district,rural,250.0
2018,Хасково,district,total,1210.0
2018,Хасково,district,urban,862.0
2018,Хасково,district,rural,348.0
2018,Шумен,district,total,780.0
2018,Шумен,district,urban,493.0
2018,Шумен,district,rural,287.0
2018,Ямбол,district,total,773.0
2018,Ямбол,district,urban,528.0
2018,Ямбол,district,rural,245.0
2019,България,country,total,35947.0
2019,България,country,urban,25922.0
2019,България,country,rural,10025.0
2019,Благоевград,district,total,1314.0
2019,Благоевград,district,urban,878.0
2019,Благоевград,district,rural,436.0
2019,Бургас,district,total,2018.0
2019,Бургас,district,urban,1554.0
2019,Бургас,district,rural,464.0
2019,Варна,district,total,2480.0
2019,Варна,district,urban,2015.0
2019,Варна,district,rural,465.0
2019,Велико Търново,district,total,1184.0
2019,Велико Търново,district,urban,820.0
2019,Велико Търново,district,rural,364.0
2019,Видин,district,total,402.0
2019,Видин,district,urban,234.0
2019,Видин,district,rural,168.0
2019,Враца,district,total,1032.0
2019,Враца,district,urban,528.0
2019,Враца,district,rural,504.0
2019,Габрово,district,total,509.0
2019,Габрово,district,urban,409.0
2019,Габрово,district,rural,100.0
2019,Добрич,district,total,848.0
2019,Добрич,district,urban,551.0
2019,Добрич,district,rural,297.0
2019,Кърджали,district,total,456.0
2019,Кърджали,district,urban,215.0
2019,Кърджали,district,rural,241.0
2019,Кюстендил,district,total,544.0
2019,Кюстендил,district,urban,412.0
2019,Кюстендил,district,rural,132.0
2019,Ловеч,district,total,724.0
2019,Ловеч,district,urban,436.0
2019,Ловеч,district,rural,288.0
2019,Монтана,district,total,644.0
2019,Монтана,district,urban,349.0
2019,Монтана,district,rural,295.0
2019,Пазарджик,district,total,1408.0
2019,Пазарджик,district,urban,877.0
2019,Пазарджик,district,rural,531.0
2019,Перник,district,total,527.0
2019,Перник,district,urban,456.0
2019,Перник,district,rural,71.0
2019,Плевен,district,total,1347.0
2019,Плевен,district,urban,771.0
2019,Плевен,district,rural,576.0
2019,Пловдив,district,total,3417.0
2019,Пловдив,district,urban,2488.0
2019,Пловдив,district,rural,929.0
2019,Разград,district,total,418.0
2019,Разград,district,urban,197.0
2019,Разград,district,rural,221.0
2019,Русе,district,total,843.0
2019,Русе,district,urban,654.0
2019,Русе,district,rural,189.0
2019,Силистра,district,total,475.0
2019,Силистра,district,urban,179.0
2019,Силистра,district,rural,296.0
2019,Сливен,district,total,1680.0
2019,Сливен,district,urban,886.0
2019,Сливен,district,rural,794.0
2019,Смолян,district,total,425.0
2019,Смолян,district,urban,278.0
2019,Смолян,district,rural,147.0
2019,София (столица),district,total,6768.0
2019,София (столица),district,urban,6521.0
2019,София (столица),district,rural,247.0
2019,София,district,total,1372.0
2019,София,district,urban,870.0
2019,София,district,rural,502.0
2019,Стара Загора,district,total,1919.0
2019,Стара Загора,district,urban,1270.0
2019,Стара Загора,district,rural,649.0
2019,Търговище,district,total,469.0
2019,Търговище,district,urban,234.0
2019,Търговище,district,rural,235.0
2019,Хасково,district,total,1240.0
2019,Хасково,district,urban,909.0
2019,Хасково,district,rural,331.0
2019,Шумен,district,total,758.0
2019,Шумен,district,urban,456.0
2019,Шумен,district,rural,302.0
2019,Ямбол,district,total,726.0
2019,Ямбол,district,urban,475.0
2019,Ямбол,district,rural,251.0
2020,България,country,total,35236.0
2020,България,country,urban,25261.0
2020,България,country,rural,9975.0
2020,Благоевград,district,total,1272.0
2020,Благоевград,district,urban,824.0
2020,Благоевград,district,rural,448.0
2020,Бургас,district,total,1866.0
2020,Бургас,district,urban,1420.0
2020,Бургас,district,rural,446.0
2020,Варна,district,total,2475.0
2020,Варна,district,urban,2004.0
2020,Варна,district,rural,471.0
2020,Велико Търново,district,total,1163.0
2020,Велико Търново,district,urban,785.0
2020,Велико Търново,district,rural,378.0
2020,Видин,district,total,353.0
2020,Видин,district,urban,211.0
2020,Видин,district,rural,142.0
2020,Враца,district,total,1023.0
2020,Враца,district,urban,521.0
2020,Враца,district,rural,502.0
2020,Габрово,district,total,400.0
2020,Габрово,district,urban,315.0
2020,Габрово,district,rural,85.0
2020,Добрич,district,total,757.0
2020,Добрич,district,urban,482.0
2020,Добрич,district,rural,275.0
2020,Кърджали,district,total,460.0
2020,Кърджали,district,urban,223.0
2020,Кърджали,district,rural,237.0
2020,Кюстендил,district,total,541.0
2020,Кюстендил,district,urban,398.0
2020,Кюстендил,district,rural,143.0
2020,Ловеч,district,total,758.0
2020,Ловеч,district,urban,454.0
2020,Ловеч,district,rural,304.0
2020,Монтана,district,total,643.0
2020,Монтана,district,urban,373.0
2020,Монтана,district,rural,270.0
2020,Пазарджик,district,total,1446.0
2020,Пазарджик,district,urban,851.0
2020,Пазарджик,district,rural,595.0
2020,Перник,district,total,506.0
2020,Перник,district,urban,437.0
2020,Перник,district,rural,69.0
2020,Плевен,district,total,1338.0
2020,Плевен,district,urban,764.0
2020,Плевен,district,rural,574.0
2020,Пловдив,district,total,3426.0
2020,Пловдив,district,urban,2432.0
2020,Пловдив,district,rural,994.0
2020,Разград,district,total,351.0
2020,Разград,district,urban,171.0
2020,Разград,district,rural,180.0
2020,Русе,district,total,851.0
2020,Русе,district,urban,670.0
2020,Русе,district,rural,181.0
2020,Силистра,district,total,403.0
2020,Силистра,district,urban,151.0
2020,Силистра,district,rural,252.0
2020,Сливен,district,total,1570.0
2020,Сливен,district,urban,847.0
2020,Сливен,district,rural,723.0
2020,Смолян,district,total,414.0
2020,Смолян,district,urban,268.0
2020,Смолян,district,rural,146.0
2020,София (столица),district,total,7002.0
2020,София (столица),district,urban,6716.0
2020,София (столица),district,rural,286.0
2020,София,district,total,1415.0
2020,София,district,urban,887.0
2020,София,district,rural,528.0
2020,Стара Загора,district,total,1881.0
2020,Стара Загора,district,urban,1209.0
2020,Стара Загора,district,rural,672.0
2020,Търговище,district,total,430.0
2020,Търговище,district,urban,197.0
2020,Търговище,district,rural,233.0
2020,Хасково,district,total,1094.0
2020,Хасково,district,urban,777.0
2020,Хасково,district,rural,317.0
2020,Шумен,district,total,661.0
2020,Шумен,district,urban,379.0
2020,Шумен,district,rural,282.0
2020,Ямбол,district,total,737.0
2020,Ямбол,district,urban,495.0
2020,Ямбол,district,rural,242.0
2021,България,country,total,35133.0
2021,България,country,urban,25251.0
2021,България,country,rural,9882.0
2021,Благоевград,district,total,1274.0
2021,Благоевград,district,urban,834.0
2021,Благоевград,district,rural,440.0
2021,Бургас,district,total,1801.0
2021,Бургас,district,urban,1354.0
2021,Бургас,district,rural,447.0
2021,Варна,district,total,2452.0
2021,Варна,district,urban,1983.0
2021,Варна,district,rural,469.0
2021,Велико Търново,district,total,1183.0
2021,Велико Търново,district,urban,779.0
2021,Велико Търново,district,rural,404.0
2021,Видин,district,total,406.0
2021,Видин,district,urban,231.0
2021,Видин,district,rural,175.0
2021,Враца,district,total,910.0
2021,Враца,district,urban,477.0
2021,Враца,district,rural,433.0
2021,Габрово,district,total,411.0
2021,Габрово,district,urban,317.0
2021,Габрово,district,rural,94.0
2021,Добрич,district,total,697.0
2021,Добрич,district,urban,451.0
2021,Добрич,district,rural,246.0
2021,Кърджали,district,total,403.0
2021,Кърджали,district,urban,210.0
2021,Кърджали,district,rural,193.0
2021,Кюстендил,district,total,526.0
2021,Кюстендил,district,urban,406.0
2021,Кюстендил,district,rural,120.0
2021,Ловеч,district,total,734.0
2021,Ловеч,district,urban,454.0
2021,Ловеч,district,rural,280.0
2021,Монтана,district,total,665.0
2021,Монтана,district,urban,390.0
2021,Монтана,district,rural,275.0
2021,Пазарджик,district,total,1348.0
2021,Пазарджик,district,urban,770.0
2021,Пазарджик,district,rural,578.0
2021,Перник,district,total,539.0
2021,Перник,district,urban,474.0
2021,Перник,district,rural,65.0
2021,Плевен,district,total,1279.0
2021,Плевен,district,urban,732.0
2021,Плевен,district,rural,547.0
2021,Пловдив,district,total,3558.0
2021,Пловдив,district,urban,2534.0
2021,Пловдив,district,rural,1024.0
2021,Разград,district,total,373.0
2021,Разград,district,urban,167.0
2021,Разград,district,rural,206.0
2021,Русе,district,total,883.0
2021,Русе,district,urban,664.0
2021,Русе,district,rural,219.0
2021,Силистра,district,total,444.0
2021,Силистра,district,urban,167.0
2021,Силистра,district,rural,277.0
2021,Сливен,district,total,1628.0
2021,Сливен,district,urban,885.0
2021,Сливен,district,rural,743.0
2021,Смолян,district,total,389.0
2021,Смолян,district,urban,251.0
2021,Смолян,district,rural,138.0
2021,София (столица),district,total,7050.0
2021,София (столица),district,urban,6770.0
2021,София (столица),district,rural,280.0
2021,София,district,total,1416.0
2021,София,district,urban,871.0
2021,София,district,rural,545.0
2021,Стара Загора,district,total,1845.0
2021,Стара Загора,district,urban,1166.0
2021,Стара Загора,district,rural,679.0
2021,Търговище,district,total,456.0
2021,Търговище,district,urban,235.0
2021,Търговище,district,rural,221.0
2021,Хасково,district,total,1092.0
2021,Хасково,district,urban,802.0
2021,Хасково,district,rural,290.0
2021,Шумен,district,total,650.0
2021,Шумен,district,urban,399.0
2021,Шумен,district,rural,251.0
2021,Ямбол,district,total,721.0
2021,Ямбол,district,urban,478.0
2021,Ямбол,district,rural,243.0
2022,България,country,total,33892.0
2022,България,country,urban,24330.0
2022,България,country,rural,9562.0
2022,Благоевград,district,total,1217.0
2022,Благоевград,district,urban,804.0
2022,Благоевград,district,rural,413.0
2022,Бургас,district,total,1699.0
2022,Бургас,district,urban,1326.0
2022,Бургас,district,rural,373.0
2022,Варна,district,total,2351.0
2022,Варна,district,urban,1878.0
2022,Варна,district,rural,473.0
2022,Велико Търново,district,total,1072.0
2022,Велико Търново,district,urban,700.0
2022,Велико Търново,district,rural,372.0
2022,Видин,district,total,386.0
2022,Видин,district,urban,238.0
2022,Видин,district,rural,148.0
2022,Враца,district,total,948.0
2022,Враца,district,urban,498.0
2022,Враца,district,rural,450.0
2022,Габрово,district,total,464.0
2022,Габрово,district,urban,357.0
2022,Габрово,district,rural,107.0
2022,Добрич,district,total,670.0
2022,Добрич,district,urban,448.0
2022,Добрич,district,rural,222.0
2022,Кърджали,district,total,381.0
2022,Кърджали,district,urban,181.0
2022,Кърджали,district,rural,200.0
2022,Кюстендил,district,total,560.0
2022,Кюстендил,district,urban,422.0
2022,Кюстендил,district,rural,138.0
2022,Ловеч,district,total,799.0
2022,Ловеч,district,urban,463.0
2022,Ловеч,district,rural,336.0
2022,Монтана,district,total,611.0
2022,Монтана,district,urban,350.0
2022,Монтана,district,rural,261.0
2022,Пазарджик,district,total,1279.0
2022,Пазарджик,district,urban,759.0
2022,Пазарджик,district,rural,520.0
2022,Перник,district,total,502.0
2022,Перник,district,urban,425.0
2022,Перник,district,rural,77.0
2022,Плевен,district,total,1290.0
2022,Плевен,district,urban,715.0
2022,Плевен,district,rural,575.0
2022,Пловдив,district,total,3431.0
2022,Пловдив,district,urban,2464.0
2022,Пловдив,district,rural,967.0
2022,Разград,district,total,346.0
2022,Разград,district,urban,173.0
2022,Разград,district,rural,173.0
2022,Русе,district,total,779.0
2022,Русе,district,urban,608.0
2022,Русе,district,rural,171.0
2022,Силистра,district,total,402.0
2022,Силистра,district,urban,165.0
2022,Силистра,district,rural,237.0
2022,Сливен,district,total,1532.0
2022,Сливен,district,urban,806.0
2022,Сливен,district,rural,726.0
2022,Смолян,district,total,318.0
2022,Смолян,district,urban,201.0
2022,Смолян,district,rural,117.0
2022,София (столица),district,total,6910.0
2022,София (столица),district,urban,6614.0
2022,София (столица),district,rural,296.0
2022,София,district,total,1356.0
2022,София,district,urban,867.0
2022,София,district,rural,489.0
2022,Стара Загора,district,total,1689.0
2022,Стара Загора,district,urban,1100.0
2022,Стара Загора,district,rural,589.0
2022,Търговище,district,total,428.0
2022,Търговище,district,urban,211.0
2022,Търговище,district,rural,217.0
2022,Хасково,district,total,1087.0
2022,Хасково,district,urban,733.0
2022,Хасково,district,rural,354.0
2022,Шумен,district,total,654.0
2022,Шумен,district,urban,369.0
2022,Шумен,district,rural,285.0
2022,Ямбол,district,total,731.0
2022,Ямбол,district,urban,455.0
2022,Ямбол,district,rural,276.0
2023,България,country,total,34149.0
2023,България,country,urban,24539.0
2023,България,country,rural,9610.0
2023,Благоевград,district,total,1233.0
2023,Благоевград,district,urban,807.0
2023,Благоевград,district,rural,426.0
2023,Бургас,district,total,1776.0
2023,Бургас,district,urban,1353.0
2023,Бургас,district,rural,423.0
2023,Варна,district,total,2234.0
2023,Варна,district,urban,1813.0
2023,Варна,district,rural,421.0
2023,Велико Търново,district,total,1070.0
2023,Велико Търново,district,urban,724.0
2023,Велико Търново,district,rural,346.0
2023,Видин,district,total,388.0
2023,Видин,district,urban,212.0
2023,Видин,district,rural,176.0
2023,Враца,district,total,980.0
2023,Враца,district,urban,491.0
2023,Враца,district,rural,489.0
2023,Габрово,district,total,407.0
2023,Габрово,district,urban,342.0
2023,Габрово,district,rural,65.0
2023,Добрич,district,total,724.0
2023,Добрич,district,urban,450.0
2023,Добрич,district,rural,274.0
2023,Кърджали,district,total,428.0
2023,Кърджали,district,urban,197.0
2023,Кърджали,district,rural,231.0
2023,Кюстендил,district,total,516.0
2023,Кюстендил,district,urban,420.0
2023,Кюстендил,district,rural,96.0
2023,Ловеч,district,total,739.0
2023,Ловеч,district,urban,453.0
2023,Ловеч,district,rural,286.0
2023,Монтана,district,total,606.0
2023,Монтана,district,urban,337.0
2023,Монтана,district,rural,269.0
2023,Пазарджик,district,total,1414.0
2023,Пазарджик,district,urban,878.0
2023,Пазарджик,district,rural,536.0
2023,Перник,district,total,475.0
2023,Перник,district,urban,395.0
2023,Перник,district,rural,80.0
2023,Плевен,district,total,1297.0
2023,Плевен,district,urban,771.0
2023,Плевен,district,rural,526.0
2023,Пловдив,district,total,3405.0
2023,Пловдив,district,urban,2490.0
2023,Пловдив,district,rural,915.0
2023,Разград,district,total,352.0
2023,Разград,district,urban,154.0
2023,Разград,district,rural,198.0
2023,Русе,district,total,808.0
2023,Русе,district,urban,609.0
2023,Русе,district,rural,199.0
2023,Силистра,district,total,384.0
2023,Силистра,district,urban,160.0
2023,Силистра,district,rural,224.0
2023,Сливен,district,total,1572.0
2023,Сливен,district,urban,846.0
2023,Сливен,district,rural,726.0
2023,Смолян,district,total,312.0
2023,Смолян,district,urban,205.0
2023,Смолян,district,rural,107.0
2023,София (столица),district,total,6819.0
2023,София (столица),district,urban,6511.0
2023,София (столица),district,rural,308.0
2023,София,district,total,1376.0
2023,София,district,urban,853.0
2023,София,district,rural,523.0
2023,Стара Загора,district,total,1840.0
2023,Стара Загора,district,urban,1192.0
2023,Стара Загора,district,rural,648.0
2023,Търговище,district,total,427.0
2023,Търговище,district,urban,224.0
2023,Търговище,district,rural,203.0
2023,Хасково,district,total,1160.0
2023,Хасково,district,urban,809.0
2023,Хасково,district,rural,351.0
2023,Шумен,district,total,679.0
2023,Шумен,district,urban,379.0
2023,Шумен,district,rural,300.0
2023,Ямбол,district,total,728.0
2023,Ямбол,district,urban,464.0
2023,Ямбол,district,rural,264.0
2024,България,country,total,33076.0
2024,България,country,urban,23555.0
2024,България,country,rural,9521.0
2024,Благоевград,district,total,1176.0
2024,Благоевград,district,urban,724.0
2024,Благоевград,district,rural,452.0
2024,Бургас,district,total,1681.0
2024,Бургас,district,urban,1249.0
2024,Бургас,district,rural,432.0
2024,Варна,district,total,2162.0
2024,Варна,district,urban,1785.0
2024,Варна,district,rural,377.0
2024,Велико Търново,district,total,977.0
2024,Велико Търново,district,urban,661.0
2024,Велико Търново,district,rural,316.0
2024,Видин,district,total,381.0
2024,Видин,district,urban,220.0
2024,Видин,district,rural,161.0
2024,Враца,district,total,957.0
2024,Враца,district,urban,495.0
2024,Враца,district,rural,462.0
2024,Габрово,district,total,440.0
2024,Габрово,district,urban,334.0
2024,Габрово,district,rural,106.0
2024,Добрич,district,total,647.0
2024,Добрич,district,urban,406.0
2024,Добрич,district,rural,241.0
2024,Кърджали,district,total,404.0
2024,Кърджали,district,urban,186.0
2024,Кърджали,district,rural,218.0
2024,Кюстендил,district,total,502.0
2024,Кюстендил,district,urban,378.0
2024,Кюстендил,district,rural,124.0
2024,Ловеч,district,total,771.0
2024,Ловеч,district,urban,449.0
2024,Ловеч,district,rural,322.0
2024,Монтана,district,total,600.0
2024,Монтана,district,urban,332.0
2024,Монтана,district,rural,268.0
2024,Пазарджик,district,total,1351.0
2024,Пазарджик,district,urban,824.0
2024,Пазарджик,district,rural,527.0
2024,Перник,district,total,458.0
2024,Перник,district,urban,380.0
2024,Перник,district,rural,78.0
2024,Плевен,district,total,1242.0
2024,Плевен,district,urban,661.0
2024,Плевен,district,rural,581.0
2024,Пловдив,district,total,3439.0
2024,Пловдив,district,urban,2465.0
2024,Пловдив,district,rural,974.0
2024,Разград,district,total,318.0
2024,Разград,district,urban,163.0
2024,Разград,district,rural,155.0
2024,Русе,district,total,784.0
2024,Русе,district,urban,622.0
2024,Русе,district,rural,162.0
2024,Силистра,district,total,400.0
2024,Силистра,district,urban,149.0
2024,Силистра,district,rural,251.0
2024,Сливен,district,total,1635.0
2024,Сливен,district,urban,881.0
2024,Сливен,district,rural,754.0
2024,Смолян,district,total,332.0
2024,Смолян,district,urban,209.0
2024,Смолян,district,rural,123.0
2024,София (столица),district,total,6439.0
2024,София (столица),district,urban,6202.0
2024,София (столица),district,rural,237.0
2024,София,district,total,1295.0
2024,София,district,urban,825.0
2024,София,district,rural,470.0
2024,Стара Загора,district,total,1774.0
2024,Стара Загора,district,urban,1125.0
2024,Стара Загора,district,rural,649.0
2024,Търговище,district,total,461.0
2024,Търговище,district,urban,216.0
2024,Търговище,district,rural,245.0
2024,Хасково,district,total,1073.0
2024,Хасково,district,urban,748.0
2024,Хасково,district,rural,325.0
2024,Шумен,district,total,635.0
2024,Шумен,district,urban,375.0
2024,Шумен,district,rural,260.0
2024,Ямбол,district,total,742.0
2024,Ямбол,district,urban,491.0
2024,Ямбол,district,rural,251.0
2025,България,country,total,30847.0
2025,България,country,urban,21968.0
2025,България,country,rural,8879.0
2025,Благоевград,district,total,1181.0
2025,Благоевград,district,urban,730.0
2025,Благоевград,district,rural,451.0
2025,Бургас,district,total,1543.0
2025,Бургас,district,urban,1165.0
2025,Бургас,district,rural,378.0
2025,Варна,district,total,2044.0
2025,Варна,district,urban,1664.0
2025,Варна,district,rural,380.0
2025,Велико Търново,district,total,913.0
2025,Велико Търново,district,urban,607.0
2025,Велико Търново,district,rural,306.0
2025,Видин,district,total,343.0
2025,Видин,district,urban,203.0
2025,Видин,district,rural,140.0
2025,Враца,district,total,880.0
2025,Враца,district,urban,419.0
2025,Враца,district,rural,461.0
2025,Габрово,district,total,395.0
2025,Габрово,district,urban,321.0
2025,Габрово,district,rural,74.0
2025,Добрич,district,total,611.0
2025,Добрич,district,urban,375.0
2025,Добрич,district,rural,236.0
2025,Кърджали,district,total,286.0
2025,Кърджали,district,urban,149.0
2025,Кърджали,district,rural,137.0
2025,Кюстендил,district,total,475.0
2025,Кюстендил,district,urban,375.0
2025,Кюстендил,district,rural,100.0
2025,Ловеч,district,total,679.0
2025,Ловеч,district,urban,410.0
2025,Ловеч,district,rural,269.0
2025,Монтана,district,total,600.0
2025,Монтана,district,urban,320.0
2025,Монтана,district,rural,280.0
2025,Пазарджик,district,total,1199.0
2025,Пазарджик,district,urban,704.0
2025,Пазарджик,district,rural,495.0
2025,Перник,district,total,483.0
2025,Перник,district,urban,416.0
2025,Перник,district,rural,67.0
2025,Плевен,district,total,1181.0
2025,Плевен,district,urban,666.0
2025,Плевен,district,rural,515.0
2025,Пловдив,district,total,3161.0
2025,Пловдив,district,urban,2241.0
2025,Пловдив,district,rural,920.0
2025,Разград,district,total,287.0
2025,Разград,district,urban,135.0
2025,Разград,district,rural,152.0
2025,Русе,district,total,662.0
2025,Русе,district,urban,504.0
2025,Русе,district,rural,158.0
2025,Силистра,district,total,351.0
2025,Силистра,district,urban,129.0
2025,Силистра,district,rural,222.0
2025,Сливен,district,total,1539.0
2025,Сливен,district,urban,788.0
2025,Сливен,district,rural,751.0
2025,Смолян,district,total,295.0
2025,Смолян,district,urban,198.0
2025,Смолян,district,rural,97.0
2025,София (столица),district,total,6108.0
2025,София (столица),district,urban,5847.0
2025,София (столица),district,rural,261.0
2025,София,district,total,1244.0
2025,София,district,urban,789.0
2025,София,district,rural,455.0
2025,Стара Загора,district,total,1691.0
2025,Стара Загора,district,urban,1076.0
2025,Стара Загора,district,rural,615.0
2025,Търговище,district,total,343.0
2025,Търговище,district,urban,171.0
2025,Търговище,district,rural,172.0
2025,Хасково,district,total,1076.0
2025,Хасково,district,urban,763.0
2025,Хасково,district,rural,313.0
2025,Шумен,district,total,559.0
2025,Шумен,district,urban,329.0
2025,Шумен,district,rural,230.0
2025,Ямбол,district,total,718.0
2025,Ямбол,district,urban,474.0
2025,Ямбол,district,rural,244.0
